{"cameraMode":{"drawMode":0,"name":"Shaded","section":"Shading Mode"},"sceneLighting":true,"audioPlay":false,"sceneViewState":{"m_AlwaysRefresh":false,"showFog":true,"showSkybox":true,"showFlares":true,"showImageEffects":true,"showParticleSystems":true,"showVisualEffectGraphs":true,"m_FxEnabled":true},"in2DMode":false,"pivot":{"x":436.8106994628906,"y":174.75332641601563,"z":0.099700927734375},"rotation":{"x":-0.05665776878595352,"y":-0.008989972993731499,"z":-0.0005102118011564016,"w":0.9983540773391724},"size":158.0570831298828,"orthographic":false}